{
    "f1": 0.6691266912669127,
    "AUC": 0.8285145662782222
}