{
    "f1": 0.6663944467129441,
    "AUC": 0.8280540493899066
}