{
    "f1": 0.6992307692307692,
    "AUC": 0.8394263704566572
}