{
    "f1": 0.7218216318785577,
    "AUC": 0.8518335544430732
}